textID,sentiment
f87dea47db,positive
96d74cb729,positive
eee518ae67,negative
01082688c6,positive
33987a8ee5,neutral
726e501993,positive
261932614e,negative
afa11da83f,negative
e64208b4ef,neutral
37bcad24ca,neutral
24c92644a4,negative
43b390b336,neutral
69d6b5d93e,neutral
5c1e0b61a1,negative
504e45d9d9,negative
ae93ad52a0,negative
9fce30159a,negative
00d5195223,neutral
33f19050cf,positive
f7718b3c23,neutral
9ef44428d0,negative
be634ebeb0,negative
3dcf4f7e13,negative
f0ef04109b,neutral
8be365118e,neutral
c50bdd4567,positive
334954f215,neutral
b783916431,neutral
1fa8e6ad66,neutral
be38b29042,negative
95701e8ed9,neutral
4dd58ecd2c,neutral
cf553cccd5,neutral
55c69c2d52,neutral
9b1a52cc02,neutral
cce5c4744a,neutral
c7f9d559e2,positive
3d2478db59,neutral
6d846d7d50,negative
599f51af6b,neutral
87daa62920,neutral
6506dc55ff,neutral
746d87f93e,negative
ef7ef8e474,neutral
d3d7b13278,positive
ddc07db84e,positive
67afe60d31,neutral
17d18ba9ef,positive
ab57d75f20,negative
f0acd25d8e,positive
cf3b068b03,positive
d6c34fa875,neutral
614aed9113,negative
dfa577d3c1,positive
10dcbe4dfb,neutral
a0bfb12773,positive
71f4a9b495,neutral
d33ed264b3,neutral
77f88ea9e2,neutral
fe1deac869,positive
e591a725ef,neutral
2dbb28cc29,neutral
a7e4ad250a,negative
7d87899024,negative
461b51fa58,neutral
c31d79c440,negative
32ee7ef6c2,positive
29f805a7d2,negative
d41fe360e4,negative
a04c8c8695,neutral
25e42b2bf2,positive
5843d17b1d,positive
474d10ff48,negative
38e69da3a1,neutral
972dc5787d,positive
0ba6aaf9aa,neutral
7a81537034,neutral
311d2b185b,neutral
1e46d72ec6,neutral
390f169584,neutral
58129e4130,positive
e6c9e5e3ab,positive
cb5e709de8,neutral
a14b4ff440,positive
5d57a5eda2,positive
1e3561e921,neutral
c2ea5cb58b,negative
cde0016d6d,negative
5fc411e8d1,neutral
5ffb19ae8f,positive
76da985a47,neutral
3a98aa4762,positive
886545bbab,neutral
2afe118dc3,neutral
704c53f4cf,positive
71fa60d9ff,positive
c238c4dbb7,negative
dc73e85417,neutral
af63915fa9,neutral
eb2fc4d281,neutral
f9382a1f7b,neutral
54670ca807,neutral
3ab338c459,positive
c7c7f7f025,negative
1256e6a4d2,neutral
990cdeae87,neutral
9a55d83c79,neutral
c8307a482d,neutral
0a21b662a4,negative
297f7d9e0f,neutral
68901906a4,neutral
3112944847,negative
8f8334ffa2,neutral
322546026e,neutral
e6c154f9be,negative
e96d849b35,positive
124e30d941,positive
fbb5742bbb,neutral
e90acf3c42,neutral
0b0944285d,neutral
a11da2d3bf,neutral
161bfc7c8a,neutral
4a65010643,positive
1b460c82f0,neutral
43e91a5488,positive
410dd99aa3,negative
b3eadfc565,neutral
480894125b,positive
001617fca4,negative
52f2f23473,neutral
e7e27b0c91,positive
834dc73c0c,negative
aeb0e9d730,neutral
c672c9da1d,positive
cbee1946d3,neutral
b1999f0951,negative
25510fbf89,positive
bcb9426abb,positive
0d29624200,negative
3f0f5891ab,positive
0b34e66ea3,negative
11de8c0456,negative
d5712716e9,positive
3f90f95beb,positive
c108e09b19,neutral
7223fdccc2,neutral
f254748cdb,positive
256453d14f,neutral
8fd01857a9,neutral
37227c0dbf,negative
20aff2fcb1,positive
ca223af36e,positive
90977e9614,neutral
433b1ab9ea,positive
37771d1bc1,positive
fa99046452,positive
14760477ad,negative
da908a6635,negative
2053a455e9,neutral
1ea547383b,positive
6634c62acf,positive
c7240790da,neutral
08ede23635,positive
4e87dcff0e,positive
4b0b53bc98,neutral
fd3a622954,neutral
e34af4fd97,positive
0e8aa10a4e,neutral
29148dc95c,positive
56a15cf6ca,negative
b99969c2fb,neutral
b0f3142cb4,positive
5ff525b74b,negative
4fd80e66e0,neutral
e77a8f8f2d,negative
4ea7102112,neutral
6a14956779,negative
7c2fcb712e,neutral
cdd172d6a7,positive
d2a21b3cb7,positive
799e17e7a7,neutral
0a49cdbdf6,negative
4a13c1093d,negative
9407ce6ccc,neutral
820f19ca44,neutral
683bb73c09,positive
0d14593b11,positive
9ac13b3739,positive
16ee71e6df,negative
f5d47f04f5,neutral
e131c496a2,positive
bc6d7b4364,negative
c87be630b5,positive
e4ad1684bb,neutral
f7835156a5,neutral
03bb148b87,positive
b47c430fda,neutral
0234e16010,neutral
be9ed19513,positive
bf7240df91,neutral
2f883c6eb1,neutral
a1320a5050,neutral
d72a60bee8,neutral
bc9ebe0002,negative
64ddc1f8a2,negative
03f6b8d900,neutral
2d475b1b23,negative
87473f5175,negative
7a09871d21,neutral
96ec2855e4,positive
45cf9ba329,neutral
bab68144cd,negative
fc49e426f5,positive
a172818c9e,positive
036191bb61,neutral
3ef85c201c,negative
ea348ea738,positive
fd10f463c9,negative
e6e02e1be6,positive
8112c62d00,neutral
0f89951346,negative
f3ec0395b0,negative
37ffa83550,positive
cb8c730261,positive
be33b5cb9a,neutral
4fed31099f,neutral
de288eb45b,neutral
7ab82d9fda,positive
9d8a45d308,negative
d25c4179f6,neutral
6cd35dd82e,positive
65275b51e2,neutral
9fae9e3145,positive
e515132ae4,positive
df3c7485ae,neutral
bd8ba2ad7e,positive
58be40735c,neutral
b5a0a16fd7,neutral
044f146e5c,positive
a8e17db0cc,negative
abda0ac082,positive
b01506af48,positive
53969f2468,negative
4df63939ef,neutral
f43efa3560,positive
c89e41fc7c,neutral
b9ec075666,neutral
ca333e378d,negative
5a91b175f6,positive
ac00adda49,neutral
cf9dc7479a,negative
005e2e60d3,neutral
0b1fad03e9,neutral
2c72a5582a,neutral
af0778ed50,positive
1e0416ec46,neutral
1e6f72ea44,negative
cc930f7aa8,negative
9c202174a3,neutral
b9a1df7a8a,neutral
7b3132d3cc,neutral
5f80970983,neutral
f008d91039,neutral
c223721eed,negative
7f8a3308f8,negative
3f7adda0a4,positive
6c60cf0bb2,negative
f77651be05,neutral
aff740a028,positive
c3f1116734,negative
4b57011c85,neutral
cb4266c560,positive
dcb3bb2912,neutral
f61b40624e,negative
b6d2229b03,positive
299fda8c5b,neutral
fbea09d42d,neutral
1b62e0c672,negative
2452a0aa6a,positive
8a821c6d63,neutral
0f93ebfb23,neutral
dd655c5aee,neutral
e94ceb6edd,neutral
61e8b484df,neutral
5be41389ce,negative
bd0f0ebc57,neutral
772ba56ce6,positive
390f00c85a,negative
4a680661d5,positive
e2505e6219,positive
0d85e6d515,neutral
086671fad9,negative
9c99cd9396,positive
f35cc8bb35,neutral
5ba64af2fd,negative
dbd82ea5bd,positive
8b6c53f38b,positive
e8cb7f18bd,positive
9ea273deaa,negative
cf0d831059,neutral
8f0bafc9dc,positive
0888d7dab7,neutral
04d3c2d056,neutral
8bbaca6e4b,positive
4a9529e753,neutral
8be2d4f69f,neutral
d9c10546e6,negative
90be8eaffb,neutral
8ba332dbbd,neutral
1086c26e82,positive
b357b9e7d2,positive
0050eebd18,positive
426cb788e5,neutral
d30d23e543,negative
04a204382a,neutral
2bc1a7126b,positive
a2fb29c072,neutral
a2bbae6c4c,neutral
0ce30035ac,neutral
b3505b0aa7,negative
99fcc18a8d,positive
2b6bc6920b,negative
d40dd3b17b,negative
5aa8a5280f,negative
7dd57c2598,negative
142108215,positive
f4aba8da1c,positive
9cf9045a3c,negative
1962095a32,positive
9acf7846ab,negative
e4d58eb70f,negative
791b4a40af,neutral
0c415791d1,neutral
3bd0bff670,positive
c7f27553b8,positive
a717783c80,negative
5a2add1cd8,negative
5999397144,neutral
54a3eab849,neutral
77b6b38e7e,neutral
dd6ea8c37a,negative
af08dd0be5,neutral
3cd447856a,negative
d7765a3fd6,neutral
509033a1ff,neutral
b09f14d65a,negative
3160620b36,negative
b2e3ebc647,neutral
1f9644b008,positive
1fee7a1358,neutral
42d3659c3d,neutral
8746563ae3,positive
01fb29c047,negative
065e4c2dba,negative
d0380dbe70,neutral
d0c092c3ee,negative
ed92ed183a,neutral
75d0302de7,positive
96c5092f80,negative
ddbc8dba62,neutral
80b61dc4e6,neutral
37897b1693,negative
7a4af13b01,positive
000ceaec55,neutral
97cd2255be,neutral
bebfd966a0,positive
bebcdc05ad,positive
e2ea1af68e,positive
25c3c99b1a,positive
ee27c73f40,positive
f90a6f5da0,negative
49e9fe8b96,neutral
b34a3e3d72,neutral
0a96d05fdf,neutral
ab3f55a84d,neutral
0437867c21,negative
80ea9ba96f,positive
4914c3c579,positive
33bb4fcc72,positive
f0da745521,positive
351d279fba,negative
b5237966b8,neutral
55cec41587,neutral
2cbc372326,negative
8997a62a75,positive
bce5834e03,negative
a9b9f7a878,positive
d72edc0bb2,negative
2fdd2501d1,neutral
5fcaa99ec8,neutral
3dfd82c60f,negative
16f31448e1,neutral
bab04dc463,positive
109b636fa5,neutral
cc29d748cb,negative
bf4b4c0f0b,negative
64b297c15e,positive
bc1fbaf4a1,positive
f59d8d766f,negative
8a1bf14c15,neutral
acfcaea70b,neutral
97e53162ff,neutral
c0b7788e74,neutral
15c531b290,neutral
23efa13d7c,positive
c44b286776,neutral
29ed43caca,positive
6693f9c143,neutral
94e0c7c638,positive
6114b48cb9,neutral
32463a2751,neutral
65ed990460,positive
505f50a90d,negative
481e268403,neutral
5ce968f9be,positive
52ad93b3fe,neutral
e892068fd3,positive
226adfd977,positive
47f11efc72,neutral
d7b1ac80c4,neutral
401cc22f49,neutral
583bae2083,neutral
f003be5308,neutral
49ce2570e5,neutral
0693a85163,neutral
4b273cd32a,positive
22003c0e96,positive
0fe049b7ea,positive
3d1184dabd,positive
c2392d49e0,neutral
a25ccabf06,negative
9b3fcf1668,neutral
d7746b6b68,neutral
86c20cf6ee,neutral
393b22b6c0,neutral
3c03dc0dd0,neutral
25e2db9995,neutral
d17a3a37e1,negative
58f1b52257,neutral
32489d483d,neutral
00d907ce33,positive
a7f2db128a,negative
d39e6da95c,negative
09fea0f3a7,positive
31eb8ebd2a,positive
4dda8fd71a,neutral
e4d6a48aa7,positive
d0b52412b8,neutral
14acfa72dc,positive
c6d6fbb9a6,positive
797f9cddc0,negative
4c5672e236,positive
d35f126ad0,positive
efdff6dde7,neutral
4dd3339756,negative
dd3cd66574,neutral
e83b4e9bf0,neutral
7a27c3a84d,negative
19de569235,neutral
66f1863628,neutral
3690fcb40e,positive
bad6311330,neutral
75499e3bd1,positive
27d6472b81,negative
80995dff29,neutral
ca2d9efd4c,positive
12bb670169,positive
70b4033f03,positive
8df42cd45a,positive
82bc030c0d,negative
9d6473d14d,positive
146257b271,positive
2fbae49319,neutral
b56108fc36,positive
ed54440a2e,neutral
c135b2cef2,neutral
48c3502151,neutral
5e6040afd3,neutral
3ea60172a0,neutral
96e1deb162,neutral
819626535b,positive
fec3cae0c2,neutral
89d9167173,negative
dd911923ea,neutral
4f8c391159,neutral
403847cf44,neutral
dad1d09bfb,positive
56f5217a16,positive
4a9ef1f9d8,negative
5a42a51462,negative
c5a584d398,positive
fee936fdc3,neutral
2813c4cf7e,negative
2246ed3d84,positive
1b1243d0b5,neutral
09042bf466,positive
40e3087f9c,neutral
ad94e8b662,positive
fc0b053a31,negative
9f2a0b0b2f,neutral
7516f86838,neutral
2492330594,positive
9aa7d6a58a,negative
083e4f782b,neutral
ba5e02305b,negative
9f4bb12e13,negative
7a01848c2e,neutral
ae285917c7,neutral
5575fdaf3c,neutral
af3fbd5681,neutral
db7211afbf,neutral
23602f214f,neutral
c3459bc0bb,neutral
f02eed05d0,negative
ff7126ea72,negative
567ef8c2ed,positive
d50a4dc3bf,neutral
d6bd94911e,positive
23bf2d69d2,positive
a6623df1a6,positive
34409c9b8a,positive
6a36ea6690,neutral
c5ec3e9e37,neutral
e74d67a818,neutral
b09824d000,negative
3af70d3bc2,neutral
5e5cb6d0a9,positive
0db9bf3e1f,neutral
4de0e1bb73,positive
9a6736745f,positive
8d40f9e62d,positive
727e51734b,neutral
db23b82d03,negative
e03a74beca,neutral
80b171ef7a,negative
d49d1b7de1,negative
4809e143db,positive
0edb544179,negative
c50f940f43,neutral
9a27ba671e,neutral
27c4e1f089,positive
9965c5a810,positive
4f6d52cbd8,positive
6c0bac4f19,neutral
e692bbaf63,positive
365974d586,positive
32db5fc0a5,negative
600c58d8b3,neutral
792c269f24,neutral
2c6f1f637b,positive
c6322a85c2,positive
3aa450d12d,neutral
10ad2966fa,positive
96b3a98962,neutral
b5c13364bb,negative
06ae0360a2,negative
060db97af7,positive
67d5b57919,positive
a4388148b8,neutral
e43b9a1497,positive
527b27665d,positive
dbe35b6a0d,negative
92c4eadecf,neutral
b1cec36547,positive
1b5dea3fe9,neutral
8d8c915ea5,neutral
9b46f1ae17,positive
1c68a5f609,positive
b9a6b682b2,neutral
092c10bd84,neutral
84fd3611d6,positive
9b8052833a,neutral
f9bdd41842,negative
13c47e9bc8,positive
9a1eaacda3,neutral
8645bcae50,negative
b70c6bf768,neutral
f67575d0e9,negative
ba93b78cfc,positive
77c659aa89,positive
303a1773cf,positive
aa8b44f1b2,neutral
bf95b25f9d,negative
b21b048c1d,negative
4f7cba2eff,negative
31dbbd2bb4,neutral
a7506a67a4,negative
b2c81f2c95,negative
99c5936498,neutral
7315faa6ce,negative
132462ca21,neutral
a7225483b3,positive
2dfb1e0fe3,negative
3a013a37a6,neutral
b70639aec0,negative
0b5a804a3c,neutral
78ccd0cec0,positive
1c464c8953,negative
29da8ca76b,negative
9d414d77dd,negative
4d05d59122,negative
5a2393940b,neutral
2fd9eef1f8,neutral
938c32de3e,positive
0e3d04ed05,negative
9a0fce6d7e,neutral
32eb024489,negative
6af90a76e4,neutral
2b68738448,neutral
af087c9deb,neutral
8823244442,negative
9bb06e4848,positive
717e76b467,neutral
3b6fdcc518,neutral
f6cb27e38e,neutral
419f3e9ef8,neutral
f29654c873,positive
7e46f3f92a,positive
43ad351369,positive
853ebd7b47,negative
ef60a2d1e7,neutral
983088f2b4,neutral
50b353f751,positive
c4cad35b0f,neutral
9c44566550,negative
32b28d840b,neutral
d576839165,positive
86f3b2e352,negative
ef1eb004ff,neutral
36bc98037c,neutral
faaf6a6f64,neutral
69789cff46,neutral
586a76af3d,positive
dfd9f1800b,negative
e0090fba83,positive
d9e1b10a4f,neutral
0e5d9cd378,neutral
1a82a50aa9,neutral
57ee48d640,negative
e0794d1a3e,neutral
2baa1924cd,negative
c3261537c6,negative
4acd2d7380,positive
259ab53f07,negative
c180265483,neutral
1e7956b538,neutral
c8a9799256,neutral
9fdac069e1,negative
e27ea173e0,positive
e468a185dc,neutral
fe626ba958,negative
995db37ffd,positive
a539826f28,negative
5efc764068,neutral
e133dbdc62,negative
e74af209c6,positive
aca7565010,negative
cac874449f,neutral
bff45fe27f,positive
60521a571e,neutral
3b6a25d97c,neutral
bcf13877f7,positive
c4a8602e0a,positive
4e06f98760,negative
62aebe35b6,neutral
0237b6fd87,positive
c860b3f840,positive
cfdb8ea6d8,neutral
935a3c2bf5,neutral
c1e33be64e,neutral
000b3211af,positive
ffa3258a83,neutral
10f2498c35,neutral
35674461fe,positive
4c086d6a58,neutral
d6a8cee69b,positive
8e4553e921,neutral
cbfe82ef26,negative
9fb92f7504,neutral
49ffb6b465,neutral
ed0ace22bf,neutral
dc346c6f1c,negative
178b3ca782,negative
0e83e0955a,neutral
6d3596cdb3,neutral
696a2abd8a,negative
26d169a9e9,positive
52fd9f56fb,positive
2f7b589c41,negative
1620bd719e,positive
6e805ea65a,neutral
08f6036add,neutral
ce4b5fe266,neutral
792c97a352,positive
384a8c1c53,positive
8c08631422,neutral
daed8640af,negative
0c79867978,negative
fe588dce16,positive
30b5985a07,negative
c3e87ee9c0,neutral
5bbfbb31da,neutral
41cf23c2d2,positive
e027169ec6,negative
6c843b2f56,positive
29736d30cc,positive
2da7ae1656,positive
0927b99040,neutral
a35cb60975,neutral
7e49648b99,negative
b7234b7720,neutral
5bbef6942a,neutral
c9e5ca399a,neutral
d7607b8133,neutral
2d5206550f,positive
13632b763a,negative
f841b0e812,neutral
09e0880c54,negative
bf2419a824,neutral
2fac1b845b,neutral
15fb68bf9f,negative
a93afddcdf,positive
8ec2997024,neutral
6559ad2e3e,positive
a2867122b8,negative
17deedd7a4,neutral
d27429521a,neutral
273aa26c3d,positive
c12a98d8f3,negative
0a60d11178,neutral
58b7571313,neutral
a25f8983ff,negative
9b172f1737,negative
c016333e85,neutral
63ec4e7de6,neutral
7796395821,negative
4f2e517832,neutral
b3b338bcd0,neutral
add95c3198,negative
c41d259d60,neutral
3099b7261b,neutral
15892f296d,neutral
d12acf4e01,positive
dad3160e52,neutral
598603422e,neutral
c3c79502f9,negative
02b43cd23c,positive
058f39acca,neutral
90af5c843a,negative
200f2b3566,negative
85f882c027,neutral
5496094dac,negative
866582d5a3,neutral
cb20977501,positive
ddfc2cc8b3,neutral
0de656eac1,negative
6be59d11d8,positive
31d260e718,negative
b22aff92be,negative
96cc75e508,positive
664d148574,neutral
6872aea3a9,neutral
21d77a32fb,positive
5d8cc77f93,negative
803e9c0931,negative
16ca8a5ecc,neutral
038c049e2a,negative
28e1999323,positive
438a7d203a,positive
0117a03b6d,positive
cad99e531f,neutral
4987bf323b,neutral
ba3e84e67f,neutral
b2dc59805a,neutral
797aa81fda,negative
0ea64bcbe6,positive
4e7fb463e0,positive
b33c27ad85,positive
50eb2a08c3,neutral
0ee55890a7,neutral
eb9c11eb52,negative
cf16d0c659,neutral
f7aa65a988,positive
b8a3fea60e,positive
5389177883,neutral
e59fd12277,neutral
264f1af9a0,negative
d19724f22f,neutral
9d4dfb1f9e,neutral
e6b380cd3d,negative
993c6eadd2,positive
7993d38b85,neutral
42caab438e,positive
b5e7df1efe,negative
017a0bbb36,negative
12cfea907c,negative
43449f0068,positive
795556dc39,positive
38e8111514,neutral
18ee9d146c,neutral
f5e9c0eef2,positive
434e673353,neutral
8b8932427d,negative
c5f383c0a0,neutral
1.03E+211,positive
8def10379e,negative
74af7e0835,negative
bb53ba1a89,neutral
11c5c7850b,positive
455ef3e9b6,positive
d761530c7f,neutral
ed1e06027c,neutral
47b4e91e39,negative
0b39781a5a,neutral
8fbd0b19e6,neutral
8429087609,positive
7900f25fbc,negative
312868ebb2,neutral
5f2c04acd4,neutral
55b8e44c02,neutral
106aa6d022,neutral
4975dbda48,negative
a3145ba47e,neutral
7e19629684,neutral
3495e809b3,neutral
a1b67a24aa,neutral
a0b1828b67,positive
311985067b,neutral
c392253b42,neutral
62f3e63c1a,negative
2942ed51f6,negative
03798acf38,positive
fd1ebb37c3,neutral
478a005e7c,positive
9608ece440,neutral
e6b24b7014,positive
105b761a2c,neutral
cca7cce9c8,neutral
d0b2e14355,neutral
f27f60c847,neutral
5380d2b0e5,neutral
38148a3e98,neutral
b29ea1892f,neutral
7dd51bdec1,negative
409767144d,neutral
c627db4613,neutral
9fc2217d38,neutral
d14b33ede0,positive
e7ed611f06,positive
a61d4c6048,positive
74b427ffa8,negative
c7568067cd,neutral
8a6cdf6832,negative
f4d1a681af,positive
f81d71d2c2,neutral
029a603b00,positive
e6826a5aa5,neutral
1e41208494,neutral
23f4fd4385,neutral
aa17c6f797,positive
136b1926c9,positive
6f381bb00f,neutral
c0d5be8bd4,neutral
e09b90939a,neutral
ec835dc0b0,neutral
eaf90c4253,negative
41a96b7954,neutral
e5a26fb323,neutral
4e5d66beb2,positive
4c5a7e6ffc,negative
53714350ac,neutral
b4401d6b4d,neutral
05ff657624,positive
dd72ee1430,neutral
094e0509ad,negative
0182dd7de1,neutral
5b70f8bc73,neutral
8c280d0f80,positive
98c02118e6,neutral
f4f24160c3,neutral
80420cfe74,positive
5f1811bb3d,positive
c7d3ab998a,neutral
7abd932d50,neutral
ed298c6e5d,positive
3257bafde1,neutral
2c150a0703,positive
2252c58ab0,neutral
7d933d9d21,negative
f6400f56e9,negative
4477b985e5,neutral
66019ddc8f,positive
a7cf141043,neutral
4b2b16581a,negative
e1a3e4575d,neutral
719934e5e0,neutral
dcba201932,negative
a55208f877,positive
c13f8a6154,positive
e0eeef2f3f,neutral
003816f151,positive
69c36e5f81,neutral
898c63c69f,neutral
b01100d6c6,neutral
131da67079,negative
2a83e56667,neutral
83b44dda65,positive
b3fa6e5c24,negative
03e41eeb4f,neutral
83fc759a0b,neutral
ff9722bca7,negative
ebf6233a5b,positive
9e4228219d,neutral
25ce9a8b1b,negative
ed6a316e8a,neutral
4244aec072,positive
90751fc00f,neutral
c653189d96,neutral
9b2b40dda6,positive
e4838b68a2,negative
0ce20ef06e,neutral
fb030409ab,neutral
ae1b11d7ec,neutral
8739e2666f,positive
e9a77e014a,neutral
7920a12924,neutral
8c091fb754,neutral
d3e52b51b7,positive
4addb8e422,negative
f18b102ad6,neutral
7720aca199,neutral
6115285ce8,neutral
a7af432585,neutral
28db608c0d,neutral
7e45ea194d,negative
4760319f17,neutral
f3de150883,negative
7e82aab535,neutral
bcc50747b1,negative
357483f649,negative
261a5bbd14,neutral
b03e2a23e5,neutral
ad37dcf4ff,neutral
5cd1ac2c57,positive
7f0a146e26,negative
3626f85ac4,positive
cbd04fb4eb,neutral
b8f7efe383,neutral
d2ca4e1d3c,neutral
8eedc5a2ed,neutral
3b5aecf8d6,negative
a154540c08,positive
48801ef73a,negative
91412dffcb,positive
68a9b81741,neutral
458f7b2493,neutral
cf05148ed6,negative
c963a42282,negative
3d17d4b72c,neutral
eb79aabf05,neutral
21d05898d3,neutral
e76b1c30bb,negative
2c5f261ff3,neutral
d3935b8571,neutral
2a35e976ea,positive
3d128b58d0,positive
67348350a4,negative
93b5d1bbea,neutral
ed6bd3958e,positive
45e3f93e9b,positive
51051cb758,neutral
b84ea78203,neutral
441dcaef31,positive
b4e721aa1e,neutral
a92e8ab2a1,neutral
31d77e5ff5,neutral
e887fbdfd5,positive
78094a1191,negative
a447f480ec,positive
e2fdad0321,negative
67cafda653,neutral
356bdefc64,neutral
d6ce1fc670,negative
d613b00386,neutral
507a584ae5,neutral
2418966865,neutral
6247a1db0b,neutral
e48cf1bff4,neutral
6e693017f6,positive
2c60e1c7a2,negative
b770afa9e6,negative
fe7c9215ae,neutral
472c3e2c41,neutral
0d7697aa10,positive
fe09df7e91,negative
33eb5a33be,neutral
bab53b4152,negative
f877442216,negative
311740836a,neutral
80aff8d880,neutral
fe89e929f4,positive
0f4be91a14,positive
5225c062f9,neutral
bd499c0bf7,positive
483bb46b97,neutral
dacb6d78af,positive
98b6544758,neutral
275fa7a3f8,positive
346ce6428b,neutral
086bee572e,positive
22df86426d,neutral
63dcc7d29f,positive
f7ac9e16e5,neutral
59159f2163,neutral
c7fc03de4d,neutral
002bb8f1b3,positive
d112d2e5bf,neutral
c762607c42,neutral
09b5db7af0,negative
aa51082711,positive
d4b544abff,neutral
ea1e41d586,positive
ba28fe48b2,negative
39e9f0e449,neutral
209de29f24,neutral
52aad0e22e,negative
21ab400cb3,positive
e93220b868,negative
57ea442d4d,neutral
88a120f336,positive
52fc580b72,negative
3dc1ed5f06,positive
fe2f3f3359,negative
e170fafd8c,positive
b38df0845d,negative
cf1739382c,neutral
63e434fbf0,positive
43d10bd312,neutral
6230b5c435,positive
c6bc7536ef,positive
c8caef9df3,positive
213eae85e9,neutral
dce070190c,neutral
8db4aaef4a,negative
cf95521362,neutral
c1dc0dd0f6,neutral
951e093497,neutral
5a34a7e52c,positive
59f6677324,negative
9b0db4e33e,negative
c9e8281f8c,neutral
cac1ba6f5a,negative
da8a88b872,positive
196e5dec12,negative
811dc7e401,positive
a777619b23,neutral
8cdaa4f6d8,negative
6aa5004916,negative
ff7949688c,positive
309706ed4f,positive
2.91E+08,positive
afa094db6a,neutral
b694518332,negative
2d76387d6e,neutral
0b3588bf63,positive
0d401237c2,neutral
3922543d77,negative
e3082089c9,positive
564c21df63,negative
2c8062a094,negative
515793e794,positive
c435fb9416,neutral
c5279762d3,neutral
97eeb0161d,negative
f0f6fda1f6,positive
e8ce4f8bdc,positive
c881dc16e9,neutral
89d0aed1ff,neutral
2ef49da640,positive
7db53ed89f,positive
a2819eaa7a,positive
37b50ef2a5,positive
4cc7d9995d,negative
c0abd616ab,positive
32058d2bb5,positive
144252776,neutral
0c8dd8b628,neutral
c80d7e9b26,neutral
102384b03c,neutral
f97b498af4,positive
908abc1bd1,positive
0187f448b1,negative
e833f3a85d,negative
f980f61df3,positive
07b57f906c,neutral
18ee7c255c,neutral
f7dc083f08,positive
6d43a06459,neutral
44da06d16c,neutral
938f7e936c,neutral
ffd54ac7f7,neutral
e1c4ad96a0,neutral
68e6a47c75,neutral
05f4f3ddc3,negative
026d3b6611,neutral
aa7362d09b,negative
c10d6fac3d,negative
d554ee2fe0,negative
8534e70d73,neutral
a9bc0bc35d,negative
4b2b6a59d4,neutral
80a1ed08bf,negative
cebe0fc8d3,neutral
a1833e30a5,negative
f820ad932c,positive
9e25d010e9,negative
a3b686ba61,positive
5d9b0f4b31,negative
7e69bec42c,negative
422cd4f89f,positive
d78be7b22e,positive
95db70d9c2,neutral
f2f05cbdae,positive
ab43c568d8,neutral
9b04365a55,neutral
2f136d0402,positive
dc4fa42628,neutral
1cd62f2da1,positive
170f84ffcf,negative
c8e099fef6,neutral
1e1cb8d9a4,positive
9d968ef838,positive
ca10e6b390,positive
d59c09da6c,positive
16b8e23839,neutral
e9dd5ad752,positive
a1ac7a0543,neutral
56395aff30,positive
356c8f7848,positive
8d85d53e36,neutral
320a6e56fc,neutral
88c2d7f95e,neutral
0740ae9f9b,neutral
4d7def819d,negative
50c0004af6,neutral
bcbc9b5e75,neutral
93236f076c,neutral
be4b907022,neutral
760723a562,negative
f66a3af202,positive
6e60ed6d59,negative
9c01aa6afd,positive
412790a2ed,positive
266d2b648f,negative
4683236241,negative
3b45abf7b5,negative
9f8cd8c991,negative
c3a4f9710d,neutral
1914dd82b2,neutral
51a31aa9a1,neutral
7b9f3f4f39,positive
88c7658eb5,positive
474b02cd39,positive
a5cee2035b,positive
c7e1468a65,neutral
5a877ae4b8,positive
b8a77cd14c,positive
b2bada7873,positive
aab1caabf0,positive
7240ccb4b2,positive
c26aabf505,neutral
4f05a05989,negative
f4c7e939ef,negative
1f2a8f57c9,neutral
9048ec6e22,positive
c8a8b0e791,negative
3cb4d10927,neutral
112591001f,positive
0b91f39c27,neutral
bc28048a07,negative
9f32a3213d,negative
8d548b1783,neutral
fc7842b0b4,neutral
3285374ab0,negative
d2141d6d47,positive
c032793654,negative
8bb73c2ccd,positive
0996990dca,neutral
c635a113c8,positive
88a4261005,neutral
11b14ae498,neutral
12005b65fc,neutral
dbabff5048,neutral
0415387eb8,neutral
d26016300e,positive
e150ad9d31,neutral
5c0e819f2b,positive
462978616d,neutral
75dc8a3ff6,neutral
a9a725abfa,positive
ef1debc105,positive
5c2ae1e5f0,positive
b820cb8056,positive
dc6dae7f3b,neutral
3d0c74e523,neutral
0de2a265ef,positive
86ae985c48,positive
cc3b05f756,positive
5524acce17,neutral
b33e54d9c8,neutral
f288113937,positive
1137d77ecc,neutral
496abe9ad9,negative
5b204b5429,positive
c0414a6961,positive
65bef2f8c9,negative
65e715d6e5,neutral
4b34697ec5,negative
36c50ba510,positive
cea5b3f191,negative
aa221b6a7d,neutral
ffcd5cb36e,positive
cb8ff954c0,neutral
af9a810c77,negative
d98aa88591,negative
a7977acf38,neutral
5a9faa4da8,neutral
1b8c3ffa29,neutral
aa1a163174,neutral
a4bb5d0c5c,neutral
24e58e264b,neutral
01f2c9bae6,positive
e02cb0c9a8,neutral
3f8df1fed3,neutral
4b8092674a,positive
ef7149efd3,neutral
c00890fdfc,positive
e3592de395,neutral
ad970e1d3f,negative
098f6ce321,neutral
2cd5a21fbc,positive
fcc4f3baa5,positive
b86fe0c61a,neutral
ea1b1fd1bb,neutral
ec00ec25c7,negative
17d1fdde01,negative
91de6a547d,positive
6e8fb1ede7,neutral
fd9f6c3e21,negative
c3892f8e77,neutral
639aeb628f,positive
ef465b57eb,positive
e0ead16a3d,neutral
b09213d54b,neutral
79256fbe62,negative
5813e09e81,negative
50d03d593e,negative
6816923abd,neutral
2524332d66,positive
1900a6978a,negative
e8d9d9671b,neutral
c69ccdfa56,positive
3c6723fa1b,negative
85e2495324,negative
16b52fbd17,negative
755bcfd6a2,neutral
fdc09f2f0b,neutral
1643564ce1,negative
b4b9d74b06,positive
b593189c2d,negative
7a83b8c7e2,positive
66762b14cd,neutral
7d59117a75,positive
a769b2340c,negative
4d31092a19,neutral
fc4660a609,positive
74450e128f,negative
337ebe2747,positive
9db7e301b9,positive
7013b54ea6,neutral
990c3cf35f,negative
10c5d92ceb,neutral
b8293bb838,negative
cb8cb99053,neutral
a22d319e5f,negative
4d3de34efa,neutral
8e092e15ed,positive
356fce670b,neutral
1ad6adf2ab,neutral
53dbbbdf7d,positive
5534df9445,positive
ea390d1f7b,negative
7880cbca66,neutral
58aa2e3401,negative
d65a8658b0,positive
3e99f423ba,negative
d1b38c33f4,neutral
0345e7e526,neutral
53eacec2ef,negative
ad2d036578,neutral
9e5e8ab6a4,negative
47126dd509,negative
e9ef9a00e9,neutral
3da51fc31b,negative
ddc89d5956,neutral
499f7fe7dc,negative
1f35cb2e27,positive
23ea783065,positive
dbae8ffc58,negative
46e5a5f63b,negative
b9d896f209,neutral
25080c4bad,positive
760b2e5dfe,neutral
580f2c99e1,neutral
e243bee98c,neutral
12b499b4ca,neutral
95410148bf,positive
3acd68b4cb,positive
f3933c4b73,positive
245e5f25e2,neutral
70740addc0,neutral
29d1ec5e7e,neutral
78a3ef0435,positive
f71ed6b273,positive
abc7f39d90,neutral
b145670ac9,negative
a193f3b9e1,neutral
cccb3d7081,neutral
07ae045cbe,neutral
a5640db7a7,neutral
cc1a219c1c,negative
1eac051f9c,neutral
31f2861133,negative
8e65e54144,positive
61ee532258,neutral
52020ad422,neutral
7bbc5a2473,neutral
dd2a769f04,neutral
b4ebfb22c6,positive
51bdb4d865,negative
f948e704f4,positive
87fa9ce0c5,neutral
f734459c4c,positive
5e14887b13,positive
85eb03d6b8,positive
7909fa421f,neutral
36631a41d0,neutral
8f11bf53a2,neutral
7e21d8a7ab,negative
2f00504c96,neutral
bc14c389af,neutral
dae7a3eeb1,neutral
9b7811b2e0,positive
06b8d9e26c,positive
bcd7910701,negative
7c229b34c1,negative
f26105a320,negative
0a5e7d6cb1,neutral
b34a3fd669,positive
05810a7cdd,positive
8531be3694,positive
70187852a7,neutral
31d03bff54,positive
2938f51a3a,negative
a153babf33,neutral
4baf1c6930,positive
d409e4ce46,neutral
dbc696a3ef,neutral
237b093176,negative
2b8b0a7d10,neutral
a8a1e94417,negative
c99820b355,negative
4841c38e53,neutral
bd3b30d13c,positive
8c03f75944,neutral
570a5c063b,positive
383aa5ec8b,neutral
038a99e313,positive
8862c02132,neutral
d83606a58a,positive
9412b17d47,neutral
db76d74945,neutral
f873960a48,neutral
aaf69acf6f,neutral
361b6281a6,neutral
1fb696a58c,positive
51f56d7464,neutral
1b673ea212,neutral
ffe02fe3f5,neutral
8255b23e72,neutral
e108bb4fa1,neutral
9599acaca6,neutral
3bd6b2df8c,neutral
c281b14817,neutral
93eb6effbb,neutral
30abfb5b07,positive
419862456e,negative
5c8a453297,neutral
2bbe1f652e,positive
0eb1ab3558,neutral
baf2ccb1cc,neutral
259a4c12db,positive
b56c29ed7d,negative
f1f8d50eff,neutral
f61ae5403a,neutral
97fd42d38b,negative
72624c934f,neutral
20967289f5,neutral
bd5f768159,positive
9b1060a30e,neutral
704dfebd66,negative
1177c602c8,neutral
92866f7b8c,positive
13d0b4314e,neutral
892b8a0cf8,neutral
5d8102cab8,negative
3fcdacf90f,neutral
17d1a66db4,negative
4d22612bb6,positive
3cd2b0d233,negative
da72cfc9cc,negative
fd57cd4c4e,neutral
0a57a17968,neutral
a9e176a76e,neutral
41ff25c568,negative
064b2cc709,negative
00b7a60703,neutral
6896f19343,positive
cce4a3ca50,neutral
c9d4cf96af,neutral
733ac52be6,positive
cf1a0bb3c2,neutral
8b1ef2334e,positive
d31c27398f,neutral
9f42f42b4f,positive
98cfd1162e,negative
00c8cfed18,neutral
bbe85e3495,negative
0cc4081476,positive
c45f5fb9e6,positive
7e5457bddf,positive
d138ab0b3a,neutral
6ade83d96d,neutral
fbbeb51073,positive
74b57c43cc,neutral
f7638c4126,neutral
562c683a44,positive
1f403981ef,neutral
9358a6253c,neutral
628bab2c42,negative
d934e438cc,negative
548b9da461,positive
e0f9a074cf,positive
5fb992345d,neutral
590ede849e,negative
b78e0c4c19,positive
02073f1c62,negative
112da4faa0,neutral
1d3c1b4821,neutral
70d05bf740,negative
816bbfcd52,positive
40760ea4e8,positive
d6738c3768,positive
e0d893b360,positive
e344ef4cf6,positive
84f961fdb2,positive
c002c2eddd,positive
7369cf2fc5,neutral
543a06c64b,negative
1047b78606,positive
62dd5efb10,positive
4652d96d01,neutral
1f9019bba5,positive
e8a7f5e1a3,neutral
2f2721c6fe,neutral
9c52e5ba66,positive
d72748e39c,negative
bb96cfef66,negative
14c6d8edd1,neutral
44c3407b4d,neutral
6f15fcf64e,negative
5a4ebbbdba,neutral
6ee991d0cd,negative
9932b9c033,negative
8ba9d3448f,neutral
f6f7382036,negative
a93501213c,positive
703a5708f6,neutral
683149f529,neutral
9a00c7fd06,positive
9a1177c3fb,negative
226dcfa96d,neutral
e4364d95c3,negative
b14b4d5209,positive
f04b0ca7f2,neutral
44c7e944b9,neutral
fb6110efb9,neutral
61c907173c,neutral
2334ad25e6,positive
c2484278c9,neutral
e39cb0ca13,neutral
5f54c3d4cb,negative
62e1413e85,positive
d7b287d1e7,neutral
67ff57361c,neutral
762a44afb6,neutral
1a38bc0602,negative
a0c3ef4a01,positive
de2a14a465,neutral
94488794d4,neutral
12b631ca7b,positive
95dfefd4e7,positive
e637c11dca,negative
3775d15b1d,positive
7f62c60ffe,neutral
a5abb95859,positive
e32bcc9304,negative
f4e8990f70,negative
2f9f6f89cd,neutral
a86d48a430,positive
1e2e4371a9,negative
dd3dbdf77e,positive
8d4c510735,positive
4ea8274298,neutral
b521edea57,positive
a74b7578a5,negative
173738ce2a,neutral
674bb5ca74,positive
6e424d5ccf,neutral
d4305524e2,neutral
e71ac19463,neutral
ab464f70e6,neutral
d546f8c422,positive
bab26fdc24,negative
4f0c1d97c4,negative
24a7c7e988,neutral
b7b0f4fb71,negative
6957e5f1bf,neutral
ee87e14bee,neutral
0f9b915617,negative
f3afed1887,positive
51d74124da,neutral
bcd831b113,negative
f39c65d9ef,neutral
1a9933a4fe,positive
c4453ff2b8,positive
a3f0f32135,neutral
f433396b44,neutral
6388c670c6,neutral
bc3032341b,neutral
b7c1a22a62,neutral
ca66e5e4b6,positive
be16255b41,neutral
8fa75341d4,positive
d147a9feb1,neutral
afc17894d4,negative
03b569041c,neutral
ea5c577cb7,negative
9891da8fff,negative
5f42a2d026,neutral
d3a576d221,neutral
eea9145f1b,neutral
49ec0f5742,positive
7b65e54ea9,neutral
80832ca578,neutral
be226efbd2,neutral
0b581d3f9f,neutral
1973abbb06,neutral
7c6b2e810a,neutral
ab07a3fe36,negative
b8d1e767b2,neutral
efba862a1b,neutral
d109999477,neutral
cf64d19714,positive
cc153c2a35,neutral
c5556624b0,positive
f46d274a8b,neutral
910a250227,positive
ab52225ed8,neutral
f40d533a23,neutral
c336250f8f,neutral
f23c1c4255,positive
896289196c,neutral
02624773ca,neutral
31a107dbcf,neutral
eabaf375f4,positive
51313cb3fd,neutral
42ebd9099d,negative
6ac3031bc9,negative
666f836b32,neutral
6e41749ac7,neutral
98f836e4b6,negative
88b6d952b6,negative
f6d56869b1,negative
58272bcdb4,negative
5ded2a1364,negative
6612e42b28,negative
c10ae302bc,neutral
980578403b,positive
de0673a07d,neutral
dc0f5bca14,negative
787df2fd0f,positive
36f885a911,negative
acf54fad30,neutral
8b0054a807,negative
4bc7d627ad,neutral
6bdd5e9d7e,neutral
af706b4c58,neutral
4987043fd4,negative
e7f2b44a1f,neutral
cc53e85d21,positive
9508bfc99f,negative
3ba9e80d1d,neutral
300c739684,positive
e056f0a268,neutral
a050668b78,positive
887e90ff88,negative
047abbd04e,neutral
b6d5af9406,negative
fd34ad6207,neutral
278c0dceeb,negative
b6f66e0621,neutral
1853fae31c,neutral
87c799a397,neutral
4bc4d97503,negative
d11816c1c7,neutral
0fe8023456,neutral
a9b19af9ee,neutral
6d65d9dc54,positive
5f91766356,positive
62c9a90f1d,neutral
2d5b920414,neutral
b96b9ecc3c,positive
a0e8168015,neutral
4f9ee6208c,positive
e5339e66dc,positive
7811012154,negative
2d361cdd4d,neutral
eeb047e369,neutral
f7378bc34c,negative
d682402e60,positive
2983528f77,neutral
4bb00e884a,negative
4e4e9c3802,negative
fc6128f4e5,negative
bed26c1d7f,neutral
b6262b919a,neutral
61eae11e5e,neutral
536116702e,positive
1ee5496252,negative
baeb21b26f,neutral
d8f4aefacc,neutral
1f7717fc7a,positive
70932f6376,positive
eba3cee9be,positive
a5e47d75c0,neutral
10b36df3e0,negative
c027e514d7,neutral
3dbb8c1489,neutral
b8c518e02d,neutral
eeff416e05,neutral
a267dfc19a,neutral
3d1d381278,negative
8d36ad290b,neutral
bf6727bf27,negative
3864a39777,neutral
e84aa8b193,neutral
defc8b34af,positive
4e43ad756c,neutral
0f22984306,neutral
ee9eaed59b,neutral
6dc625db0d,positive
671f6900a9,neutral
0e0424c9bd,neutral
e6c2edcb0b,positive
9b210c4a6f,negative
4d461bba2e,positive
b733d36b6e,neutral
68c674acdb,negative
6cadda7b98,positive
79a28b1ac7,neutral
92d94fa045,positive
05a1b09ce9,positive
e6b01d5777,positive
2c4b87059b,neutral
8c5e613c41,neutral
6c31bc1182,positive
5f4e052208,neutral
8485d5828e,neutral
3735770b07,neutral
4c395ff61b,negative
cb673d84af,negative
4ad37ac5b7,neutral
929b5c888c,neutral
fa959f2dd3,neutral
78d89e7c64,neutral
127ee02f19,negative
f6c69d962e,positive
4a653d8227,positive
35eb97a484,negative
55441697a6,negative
49a1fc4061,positive
2e49927901,positive
f85c7e5ead,negative
6033018ee4,neutral
0c35e093bd,neutral
7069dd2486,negative
7a78bcf308,neutral
894e948ead,negative
fa89412e2a,neutral
12b2075369,positive
0d77390e74,positive
8f3fc77f66,neutral
df0f568747,neutral
67a5d0a19c,positive
0435d42f80,negative
1e633e1874,neutral
81950f02a4,positive
0b8b37ba52,neutral
aeb0593edf,negative
e09f5b6b95,neutral
f60dbc9737,positive
e0e9cb3902,positive
3ec9a1578c,negative
349251e2a4,neutral
07c4438a0a,negative
441e2a5a82,positive
09140327f6,positive
2fadf73014,negative
ef5ba215b6,positive
440e8fc447,neutral
7eb1620dec,neutral
bdc7de6846,neutral
d2565af489,positive
4ed4f2fce6,neutral
ecc58c9428,neutral
915ce84b4b,negative
4d194d770c,negative
eed1736183,negative
13ca815d01,positive
48a90031bd,neutral
1c14b45cee,neutral
242de9277c,positive
b287d39fb3,positive
986073590,negative
081ac56240,negative
095410237d,positive
3cf6817f75,negative
edd38781e4,negative
d664f99182,neutral
e8ddfa3959,positive
502aa24ca7,neutral
3861b033fb,negative
86a28f67e9,neutral
83c92f835b,negative
8d138ab15b,neutral
9e8665abc5,neutral
d4623c0bd6,positive
75ca238abe,negative
ec8507eef4,positive
65c1831198,positive
dcb745bcf2,neutral
cb1a68137c,positive
a4d578eeb1,neutral
64cf7657b9,neutral
650fcedd22,neutral
0e0b4a2960,positive
106a999786,neutral
6c18eab109,neutral
d792349406,negative
dbdbe24969,positive
5a3c9bf459,neutral
f61861742c,positive
2a69a25949,negative
8d02587ab0,neutral
6940969fb4,negative
06aaa8e680,positive
f4052e9331,neutral
35f539ffa8,negative
736f2bd7b6,positive
35e15c616c,negative
4104064854,positive
d5c25dbc63,neutral
34b7f333cb,positive
bdf9453e5e,neutral
6c409292ce,neutral
ee89b16825,neutral
9f0147e874,neutral
1962233e5d,negative
f2d120c26e,negative
10c841e57b,neutral
5aa568e0a4,neutral
2c9aebcb01,positive
101a8b583a,neutral
e01eb1cf88,positive
7017d6c8cf,positive
4793312f15,neutral
ed539778c1,negative
198854f289,positive
d1aa96a414,neutral
92fe747a96,positive
2.08E+12,neutral
784fbab498,neutral
a3dff88c1d,negative
1977ce206b,positive
21c6854561,negative
eb9b4d2431,positive
0b3b751482,positive
932af12853,positive
aacd4d0c3f,positive
ee35fcd036,negative
44daf50a02,neutral
7623079330,positive
e64b0cc77d,neutral
780ee451f1,positive
59ee5ff2f9,negative
001e4be1ab,neutral
363460c8f4,neutral
5be8565b8d,negative
ecaa478ef4,neutral
acdbccaeeb,positive
fc28b797bb,positive
5a8f396cb2,neutral
06a6314076,negative
82ea51ab18,negative
895cec1c48,positive
8fb50df8d2,positive
37fa199c50,neutral
121b9c13c2,neutral
451880b8a6,neutral
c08a90abbd,positive
23dad0b69f,negative
470f2669c4,neutral
53aae02026,neutral
ec946f285d,negative
0b25a31b7e,negative
d2a3207aae,positive
5dbb7ae2a3,negative
151779dfad,neutral
c4393e4cba,positive
88051e4bea,positive
845495ffac,neutral
241afcd4ec,neutral
eb85ce805d,positive
a04227ef4e,negative
98c11bdba8,neutral
11634e3bf7,neutral
944cb46d62,positive
c9dfbf4275,neutral
1c2a41d71e,neutral
c5d1af4ed5,neutral
8c582b0575,negative
db331541b6,neutral
82c72d7fd0,negative
ade8ce79b8,negative
80d96cab37,neutral
2a054d9205,neutral
2f8250d0df,neutral
0c83190ad8,positive
7ebaf21cf7,neutral
cabf8f9dea,neutral
706a860942,neutral
5de3c34293,neutral
327f378bd9,neutral
9d187014d5,positive
e4f5ac16a7,neutral
7120ebfa1b,neutral
1b64ea8f30,positive
954f523ded,positive
ed4b3d03eb,negative
87187923db,negative
bd13675621,neutral
e389e41385,positive
88375a5f3e,negative
7257f9b2b0,positive
d80d99b28c,negative
f6d3caf9ed,neutral
a00246028f,neutral
57f432f582,positive
14193ff01c,negative
07a8205fee,neutral
11e23ea0ed,neutral
9198679ac1,negative
348804d270,neutral
dd7a9fb210,negative
839095ea38,positive
fb10c20429,neutral
f52e7e5a88,negative
db4a79059a,negative
9114d80bac,positive
7674cfa90a,positive
7dc87b5fc5,positive
6328fd1b81,neutral
0473875c4a,negative
3709c4e1be,positive
962ca0488f,negative
846d43bc8f,negative
aa6e04fee2,neutral
b84d47c65f,positive
646d1df036,positive
b00763f904,neutral
da60c4db48,positive
ebecd8135f,neutral
5b584d38ff,positive
eaf8a522e9,neutral
4e38efebc2,neutral
3195d34e5b,negative
8d2be5bfc8,neutral
6788d6c565,neutral
fd7434a0e9,neutral
3e3496c6d4,neutral
81defce8a3,neutral
62ed3d6141,neutral
1219ed4a21,positive
9c90694664,neutral
c35b8dbb8a,positive
b39dbc6ee5,positive
3df0f721e1,positive
e9c8585ad1,neutral
2c9d5de236,positive
f3912c1463,positive
fc5aa0f34f,positive
ce71d002ec,positive
dab7f56791,positive
4c1733246f,negative
cc1f8918df,neutral
76f0861133,positive
074b2d89dd,positive
398d591255,neutral
f8d8ebaf8d,positive
a267c3e874,positive
c6e5884baa,positive
b1ddb9811e,neutral
e30721df0d,neutral
ac4a84a76c,neutral
959c593450,negative
f20074e0d0,positive
259b075523,negative
19365e33a0,negative
78b24a76c4,negative
00276ae6b1,negative
3592e3ebc9,positive
79c57e46eb,neutral
54eba9eb73,positive
e17302312e,negative
360af83c85,positive
4331a46aba,negative
10502f22bf,negative
6d7cbd206f,positive
5be9ccda69,negative
0dc0eb905d,neutral
a29a76a54c,negative
63491134ab,positive
4fb2131d08,negative
2cec07986b,neutral
5e84445c6a,negative
fd5eece5b2,positive
7b88197891,neutral
3ba8596881,neutral
ee6febbfb4,neutral
fff97388cf,positive
e54c45018b,positive
2a2c1635c8,negative
ca929837eb,negative
046af350ac,neutral
19f108c62c,neutral
7a897c9999,neutral
1aba7766ca,positive
575e4a89fe,negative
7e8212f5f2,negative
8800a2d912,positive
e05fd863d4,neutral
09a5b9b958,neutral
32b129dc3f,positive
b4031d0753,positive
e7a0f7ac99,neutral
a9da40eedd,neutral
3c9419868b,neutral
0d45e4e926,negative
b667160840,neutral
587cf8a61e,neutral
89ac21e1f6,negative
6769efef8a,positive
b1f6fb88d4,negative
34a862a739,positive
5da03690bc,positive
bc7b967aea,negative
9be622ea54,negative
faee4563bd,neutral
02baa25e55,negative
e162b84433,neutral
156816e845,positive
c13b15d9d1,neutral
204d6510c6,negative
fbd510ea84,neutral
2793cbbfab,positive
490734b764,positive
b106a248a9,negative
9f9a4e2bb2,neutral
6e2c555beb,positive
838c1184b4,negative
b04dcbb3be,neutral
71c6b00c21,negative
81de3c6143,neutral
bfb0644d9e,neutral
f02bdad05e,negative
f57f3b6265,neutral
16a66e0b8c,neutral
84c5b0a3f6,neutral
83e576fd29,negative
9946895c91,positive
49ec855925,neutral
ee51d32074,positive
ab5b510355,neutral
d64eec0d6c,positive
75b30e5358,neutral
514b972ba8,neutral
bd90c840ea,neutral
3ee7e1cbb0,positive
e5599343e7,neutral
0b20eef5b1,neutral
790af846a5,neutral
f6e3a6dd55,neutral
abc1500c46,neutral
9d6fc9c77a,negative
73e548424b,negative
316d5aeaf6,neutral
7907132523,neutral
43ee9d3c82,neutral
a584ebd602,neutral
3d4b0a81a6,neutral
b303da170c,neutral
9f7da3aa4a,neutral
e22beff480,negative
a6a3368db8,neutral
389fc0d397,neutral
1bed6bec2a,neutral
1ca1423c00,neutral
778c5660f8,positive
9dfd003f1e,neutral
f61d7dbd8b,positive
f5d5f1fd33,negative
6be041409c,positive
4c79259b5e,negative
9cd32dbec4,neutral
675ce92149,negative
1d84094014,neutral
dc9685bc8a,neutral
b7e17b2bde,neutral
903cce2dcd,neutral
1c1077af54,negative
c625cee17b,neutral
6c82821920,neutral
ced1083324,positive
1d428212cb,negative
a4ee41dc64,neutral
12da846f8e,neutral
4f1a7d1d2c,neutral
d901264a08,negative
61ce1c40e5,positive
8dd7e34100,positive
6475c6d26d,positive
b681aef9aa,negative
5423cf0811,neutral
ace8edef1d,negative
8b3811c819,neutral
e9174e5bb2,negative
0b6444627a,neutral
960ade8bfd,negative
a8bf8239bd,neutral
33680fc87e,neutral
e0264b2a5f,negative
25ce655a84,positive
25f1991c36,negative
84fcf21a64,neutral
7de5a7e4cc,neutral
389a3e653c,positive
4c0329867c,neutral
20a5175d49,neutral
2785576a5b,negative
b7299d0e70,neutral
e035aa9fe3,neutral
5eb31e181d,positive
1281b062a4,neutral
54aa9ae3a8,neutral
1d18c624f2,negative
9fbf0d59cc,neutral
f2a92aa5ff,positive
0d737380e2,neutral
592b350f6f,negative
4363c63d9c,positive
533a5604dc,positive
437f792822,neutral
de168e6328,positive
d60072b03a,negative
8986091fd3,positive
3b743ded7e,positive
79e7a9ed8e,neutral
dabac40552,positive
b0cae38eb0,positive
96e77388b8,neutral
3e9ba7f25b,positive
4fb0995de8,neutral
e711c03c57,neutral
52576ae085,neutral
2b049dbcb1,neutral
adc5ea18b3,positive
5c9645561c,positive
ef329bc827,neutral
841a5cfcdf,neutral
52eaf44b44,neutral
895de1648c,negative
9e972c1093,neutral
ebf2a10961,negative
bd74c21c43,neutral
a6aeb0b520,positive
24afdc75e3,neutral
0d4d5b49b2,negative
78819d2e53,neutral
91c44d5912,negative
11aa4945ff,negative
495299c926,negative
7f3b118605,neutral
3da6270b02,neutral
9a2689017d,positive
5eea04087b,neutral
7058fc87de,positive
95189cd3a8,negative
40ae4f1f0c,positive
d24c474353,neutral
b13981be78,neutral
44b0b41b62,neutral
a2c8b8dad7,negative
4d818fe6e0,neutral
b8d9a368ae,positive
0010bcc0e2,neutral
58c5bad2d3,negative
7407e1cf5a,negative
0e3d0b5ab5,neutral
c0e5365bf0,negative
0be9ed25f8,negative
04095b70bd,neutral
64b8d96644,negative
68bf3f1fec,negative
8e3b60deaa,negative
341ed728c7,negative
f585c22106,negative
888b3fdf3e,positive
540f0477e3,neutral
79852f9590,neutral
32b2c8b924,neutral
94e0366b6d,positive
094681e31c,neutral
6641548d60,positive
b05be3118d,negative
291b817092,negative
f837a046a9,positive
a567459a1a,positive
4cc3d3824c,positive
e959cf04e4,neutral
271bb5e6b7,positive
c8b610923d,negative
27d0c01bc2,neutral
b86d2cca27,neutral
9c11756ef3,positive
7bad0b9772,neutral
c6881ba0e1,neutral
81622f137d,positive
82cdd851b7,neutral
911bd25026,negative
a64b23f5e4,negative
30e7967de4,positive
f45a9649fb,neutral
da5c3fa1ef,positive
22e5e3cad2,neutral
3ba549158f,neutral
a975e49753,neutral
c3541b6a2f,negative
40e1ca4ab0,neutral
08d8063529,neutral
36aabd3627,positive
8f851c59f6,neutral
a351659f85,negative
33ae501ac5,negative
3775f77081,neutral
cff0e3e256,negative
0ac7e72578,neutral
b854daaaf8,positive
85117f3ab3,neutral
daa651cfd4,negative
85de235e0e,neutral
a8e51d1a43,negative
28825fc1f9,positive
0796ce6ac4,negative
416726e6d2,positive
0e4bcb3a52,positive
dd77d3f5cd,negative
bf46ac3c7f,negative
3742419885,neutral
a203734990,positive
2b70bcd0ad,neutral
50dd008fb5,positive
c501544be4,negative
5b5be601c2,negative
ddb4330613,neutral
cc0ad12b7c,neutral
4aac092937,neutral
a1ae4e2000,neutral
8b37012287,neutral
856bb40ae0,neutral
cad8db609a,negative
93a199b78f,neutral
dd49f1179d,negative
5f455a3147,neutral
1d5d10eedf,neutral
16357f7283,positive
5657eb8429,neutral
65c7eae9b6,positive
ebb86c4db5,negative
5bf798868a,neutral
756d255e40,negative
4d21d7611c,positive
131bc4a304,positive
0a2c386597,positive
71617c28b6,positive
656e4dfa55,negative
fb08563a7b,negative
5c04a86c88,positive
94c3127153,negative
226c11669d,negative
79e554fd60,positive
582e5d7420,neutral
f18ed21359,negative
206aba0edd,neutral
1f2445122f,neutral
ee100f96c1,positive
e939fe583c,negative
a1f42c0c89,neutral
2cebd75ed4,negative
5921dbcbf3,negative
e1db1eab6e,neutral
982b1c05d3,positive
afd2159e57,neutral
533d941f5f,neutral
38c4f74767,negative
f50fcc36b5,positive
676b733c57,positive
1aa65233b0,positive
f422f53b7f,negative
04887b5405,neutral
f7f3dc7102,positive
081a4e8b31,negative
1f45286504,neutral
6ed0958471,positive
2132f07ca3,positive
6db884e1a8,neutral
9fb3633760,negative
5181eb11e4,positive
13cad32c3f,negative
41a86a9b67,neutral
0b2ccf0b7e,neutral
6f91801792,negative
d8f089b479,neutral
ded636e263,neutral
52d7fcfd39,neutral
5acf4885d4,positive
dfe5909132,neutral
59d4b58ebd,positive
b5cbb35228,neutral
ad1524a0c7,negative
0382b0a358,neutral
fe9c9f7f2f,negative
7a4f2f28ba,negative
4b3a5b41b6,positive
b6cd695d48,negative
cd60606781,positive
32e183bbad,positive
15e5ad39f3,negative
bfca4ba8ce,negative
062ffc4f0d,neutral
5bdecb0d75,negative
1b59763e81,neutral
a17703215b,positive
a240940b31,neutral
6c256de604,neutral
5955233380,neutral
51be0f0a7c,neutral
11946e367a,positive
5d9e44e6aa,negative
a37538b291,negative
c9a52dee1f,neutral
1dda981140,neutral
35aa02c551,negative
dbeef30a84,neutral
67381561f6,negative
3911f274d6,neutral
ed84aa3983,negative
822cf03d0d,negative
670ce5e88e,neutral
10022832ae,negative
7f8240f623,neutral
f1776ec89e,positive
2ea6cb3bd3,neutral
877130d7e5,positive
1937abbaac,negative
0a36e72ac2,neutral
e4fa21bd2f,neutral
cfd68d702e,neutral
b5da09a0f6,negative
53a531c7b4,neutral
32739ec46e,neutral
054d16c70d,negative
b1195a418c,positive
2d782345bc,positive
b8b975d265,negative
4b1e5d7c3a,positive
5898290010,neutral
39f74c5153,neutral
3949bb2591,positive
ced0bb0d25,negative
5428d6a1dd,neutral
3f09fa2af2,neutral
cee062574a,positive
166332e48a,negative
8f25eabe4a,positive
3c41934098,negative
9c1e71d5e9,negative
1cebd63a24,positive
8e48929733,neutral
6545e365a0,positive
b221ecd789,positive
c28bdcf8dc,negative
43ee369d34,positive
9093f4a84f,neutral
b432c9fadc,neutral
87b8d7449f,neutral
36589d3c2d,negative
5055018a65,neutral
28013de754,positive
df82999f38,positive
ccd4caa001,neutral
e10587e6de,negative
d41721b745,neutral
fc5de3287d,negative
96ed7455c3,neutral
1cf039efa9,negative
ecfcc8230f,positive
3b5d1cc375,neutral
5dfc83d141,positive
7a7f7181c7,positive
38d2b216c7,neutral
5f58dc8b36,neutral
b8332c63c9,negative
da62e66fac,negative
d3ac1634fc,positive
ae5b8cf7aa,positive
2fe4f05a35,positive
aee0796720,negative
5b6212874a,neutral
49d708c7b8,negative
360583f897,positive
123704488c,neutral
3d22669847,neutral
a47a7599e3,positive
cbb9d08353,positive
43cf42df19,positive
82319bb9ef,positive
0f7696a955,positive
5213af0cf4,negative
c400b1fb2f,neutral
225e7973da,neutral
9a9fa3f033,positive
4bf04f6e67,neutral
989ba2d8e7,neutral
cb4adb2254,neutral
e4ecd62689,negative
adb0fc398e,neutral
46ffb6bd0e,neutral
20bf68a459,neutral
e0f831f552,positive
968910f054,neutral
5cc015ed85,negative
380c3d243a,neutral
489b7fc86b,neutral
05198b8107,neutral
3c4cd5a819,negative
d276268ebf,neutral
78e07d2075,positive
e7a714bd8a,neutral
9c8ad0b932,neutral
f765bed159,negative
3e661b33eb,neutral
17029c297a,negative
565e68ade9,neutral
d4753cae10,neutral
601a57c65a,neutral
17bddf4bf3,negative
127260366f,positive
42a95b10b3,neutral
9630a8a60e,neutral
02b6664fc0,positive
74e71ffd48,neutral
2bb3411362,negative
172b9d5155,negative
a3893b1fce,neutral
6bdaadbc09,neutral
949020a350,neutral
d8d52d2cb2,positive
63a1fa4db7,neutral
8362ba6ae2,negative
89d0e4972c,negative
ac4f58fce3,positive
e8641ec31d,neutral
a56416d946,positive
efbd798924,positive
eff365b5b5,neutral
53e1fc3b18,negative
e52e2ecfc5,neutral
49c713c76d,negative
855545a974,positive
e96601d516,positive
dd3d4c2edd,positive
cb7163bb37,neutral
788e29ae5c,positive
eaa096c532,positive
f602450df1,neutral
63983dd792,negative
1981e74a66,positive
876bfcc38c,positive
a8d61ff137,neutral
a375a16694,negative
f420223044,neutral
75b9768faf,positive
4c973ec65f,positive
f554f3fa53,neutral
ae12877dcb,neutral
101bf94294,neutral
a1b12787c2,neutral
8645287c66,neutral
c8384a0df6,positive
60fbd17c2f,neutral
51600bf195,neutral
94f0a2521c,negative
1c5ca67cf9,positive
07b995a175,negative
5664973d05,neutral
b1caa80c14,positive
5afa60036c,neutral
c0aee462ca,neutral
d4834cfc49,positive
ab6d4ad2fa,negative
54717dab38,neutral
80db97bacc,neutral
47617218fe,positive
656a58ba47,neutral
03d9dd414b,negative
4f2bf0e4b8,neutral
de20a4f9ba,negative
ceab14b717,neutral
c2645bfd2f,negative
9f2322eb66,neutral
19693f5997,negative
d1732ef2a9,neutral
fcb934b1ea,neutral
acdd6596e6,negative
f4c5160e40,neutral
0e3f632892,negative
0b8cd8a6a8,neutral
29d1f7e4f6,negative
264871e342,positive
e4bb03893d,neutral
cab95c99b8,neutral
d847cf8346,negative
babe7f5404,neutral
63f47fb1e1,positive
bc9097ade0,negative
34ea29707a,negative
cd00966e36,positive
40d5393a6e,neutral
3db940a3d7,neutral
9a2c6ae21c,neutral
fe584461ef,negative
f7c49f422f,negative
95dbb10a09,neutral
68e1b374ac,positive
bc3d152a07,negative
77de10258b,neutral
7ea7deb09d,neutral
4805e663c0,neutral
85859d775f,positive
f61a3d6393,neutral
89a5639a24,positive
454c890bb5,negative
20eeee52df,negative
e14bd46ac9,negative
36c1a56493,neutral
88ea8d1421,positive
5e80e58699,neutral
1caf64ff52,neutral
70fba04997,neutral
570c1a92c9,neutral
07dbf16cf0,positive
dd069f5bbf,neutral
414734257e,negative
93c0d86282,positive
2b2f63eb2c,positive
d8c30b8a27,neutral
1efbccc936,negative
8a768f4305,neutral
b9b4e92118,neutral
67447c7a51,negative
a0450b3745,positive
d3c0cd9fba,negative
70db92882c,neutral
54919bf6ea,neutral
2ae6fffca5,positive
0a34728a30,neutral
cfa90fa221,neutral
ba59e4ea3d,positive
1115490075,positive
c4df4b1e33,negative
1dbae05df7,positive
04d19a025b,positive
df566d4c87,positive
25722484f8,positive
94f554867c,neutral
7f5c419a7e,neutral
e3a8728252,positive
333f3d42e2,positive
4e643cc041,neutral
55bfdcf9bf,neutral
564d996422,positive
3a07e1cf57,neutral
29a6fac317,positive
4c2cb5387a,negative
d0a4b8bc09,neutral
484373037f,positive
b37fa20e4e,neutral
6dc1aa9db8,neutral
ba7df25a0e,neutral
4178eae6e8,neutral
d50b0a5b94,neutral
f99a3c423d,negative
5fa63f624b,neutral
5b1260de70,neutral
3b26122664,neutral
b1da216450,neutral
e818eb3851,positive
3c58b704f2,neutral
0fb19285b2,positive
b8e35a07a2,positive
df8b63c379,negative
f9752f3768,negative
d760e45546,positive
914ab55259,neutral
42590d5199,neutral
aa4724b924,negative
5683fb4e31,negative
d73e917df5,positive
b3d1523864,neutral
3555ac7c01,neutral
118e2d6168,positive
a17c16036b,positive
96f3650135,neutral
d528912ba9,positive
b3920a7615,negative
226df3194c,neutral
7ae1f564ce,neutral
f1f5baec38,neutral
d05b0f464a,neutral
bbbe1a1a9b,neutral
31b002108e,negative
8af4011f58,negative
55210b6e39,negative
aeb56209ce,neutral
5026e37179,neutral
6d6e5c1d96,positive
bf580a287e,neutral
31d102fb4c,positive
4d3c23d2e9,neutral
3eacf08209,neutral
b659d14173,positive
e78f6d920b,negative
6d6e1944dc,positive
1c25a69c6c,positive
4862263051,positive
97fb7ec718,neutral
18fbdd718b,positive
c7f60af36c,positive
c467f58715,neutral
c8a1dc1f03,neutral
6e059414a2,negative
e337f23744,positive
70fa6e0152,neutral
096ed753e9,neutral
46cd71439a,neutral
66dfc52d42,positive
6647959804,positive
0754d96b4a,negative
12ceb7565a,positive
ace00f13fb,neutral
15e2731c37,positive
8628349c27,positive
99e466c1e2,positive
1e4e4b607e,negative
54698d6dd1,negative
b3cf47c9c0,positive
bd213e5f40,negative
c964730131,positive
052fbbb0a9,neutral
39e873ffd4,neutral
e2c48f0201,neutral
19cc63aca3,negative
5d713d947f,neutral
f180c62405,neutral
808aaa8dc6,neutral
2f43347970,neutral
632ea65f37,positive
79f4e2fe31,negative
3cf7d3cbea,neutral
20a2a8c3c8,neutral
5875847743,positive
15db00c707,negative
904af41287,neutral
88fad37761,negative
b2dc9aa460,negative
4c2003055a,positive
e2eaec80b9,positive
e96ef28e55,negative
1eabe43846,neutral
c83acf7a6f,positive
ef2f959764,positive
32ad62e131,neutral
da15c4b003,neutral
670244dc63,neutral
38b6b897f4,neutral
be346f0d98,neutral
be8e327d50,negative
0c37fc95e3,positive
00688f0441,neutral
1ee78ef6e6,neutral
98434ae90d,negative
ee55b5844d,negative
520e9b5484,neutral
41e9e0fc5d,positive
934ac753a2,neutral
b943a19a88,positive
efac7aecb8,neutral
318bade93d,neutral
ecc56a776a,positive
3c048c6a14,neutral
0d63dff2e5,negative
1fc3517acb,negative
4ef9dfdd0a,neutral
fc0d5427f8,neutral
9f69f15ca6,neutral
2d6ecef1de,neutral
6334ad4725,positive
fe9b205b30,negative
3266de0475,neutral
ca1d744985,negative
81ef3d303f,neutral
1f163ffa8a,neutral
896669ae51,negative
f8393c572a,neutral
87bfbb125b,negative
1738ee7f17,neutral
41e53f9cb9,neutral
d948eb5d1e,neutral
c9c0e975c0,neutral
f3e83b7d22,neutral
60b050c72a,positive
7037789f98,positive
1c66900f85,neutral
02aa2d95ca,neutral
69728f3226,neutral
3563567f97,neutral
e19f77eaf8,neutral
c3e4e319b8,neutral
d2be8d7fd4,positive
e57eafee65,positive
a42e148220,negative
f5e5205d2e,neutral
96a8112f12,neutral
b9cb67bd1c,negative
18219a326d,negative
306795507a,neutral
4e05652b8c,neutral
d24bdd2844,neutral
1b4612b286,neutral
ac75f9e59f,neutral
7a5e6a6349,neutral
bd115d950b,positive
a875ccc879,neutral
70d2e5add2,neutral
943b1558e1,neutral
252a0078c7,neutral
f245456ba5,neutral
e9c03baff9,neutral
5865232bd7,neutral
a16f652927,negative
acf7eddf2b,neutral
da39cbf3e8,positive
3d054d1072,neutral
e4891b511b,negative
da37487780,positive
be78fe3df4,neutral
a30a9b4003,negative
ad0dd05c20,positive
f347bda133,neutral
861f5b2008,neutral
27e3a4acfe,positive
8628c6df3d,neutral
fd871c70ad,neutral
f525424cfe,neutral
f3afc03b4c,neutral
103c6425c9,negative
6fbd9f3ae7,neutral
ca8ae20678,negative
cb349ee334,neutral
e5d88bca69,neutral
63d6ff064f,neutral
df9709f719,negative
0828b1848f,negative
3f6bf57365,negative
e1b0bb3509,neutral
2d8d4624f2,positive
84ba2c6195,neutral
eff38f3689,positive
fc2a587094,positive
3e5c571a1a,neutral
cc7e3d0e3f,negative
3ed3cffe21,neutral
d31f0597f5,positive
47a47bd1a0,neutral
bf9189459f,neutral
199d624a97,positive
c23bf94285,positive
a3cd0a7228,negative
4219979931,negative
ab925cac3e,negative
e2bf49618d,negative
d6dcf8c5ef,negative
d4aa6a714a,neutral
dc78ad00d3,negative
0a49d88d14,neutral
ca75f7e584,neutral
d18a55e49e,neutral
620741fc16,positive
3289389558,negative
1496a45408,neutral
a4b7cca240,neutral
f321d7a256,positive
e1dbabfca3,neutral
f4855a1986,positive
92b95ebfbf,neutral
f8d2395684,neutral
a4468f0e74,neutral
850681c6b2,negative
6999d42bd9,negative
07a3ac5a80,positive
7f4a82153d,neutral
84548ab6e2,neutral
9c65f93a2b,positive
448c887bd1,positive
e19ed00091,negative
b59a892581,positive
be6d61ef42,neutral
6b6ff812c1,positive
f02147d638,positive
a85e779682,positive
52e7b6c3d1,negative
8247622f9b,neutral
df320b92cd,neutral
5fb30f858b,negative
238f8d875e,neutral
02883c7ab1,neutral
3593dbe193,positive
9b186b77f1,neutral
d9bc353713,neutral
f4032fd33c,neutral
93b34b1964,neutral
aa2c27ea07,neutral
2e56c6a83e,negative
2e94c6bf84,positive
a1b435d7b2,neutral
c5628b1962,neutral
0aec5ff9a0,negative
09910a212e,negative
e5b36bbce3,neutral
d8ea663169,neutral
5773cb0640,positive
8c5d6357cf,positive
d01966504b,neutral
02ea3e88bb,neutral
1e52917c17,negative
4d5a01ceea,positive
656119dd86,positive
f68a3ece4b,neutral
22d22bda0a,positive
f2a3b9d7f4,negative
bc3c21ca4e,positive
b9285b80a9,negative
47e8896447,neutral
c2828fbc35,neutral
a4ab64c15c,negative
da4a26cd96,positive
3b388efbe6,neutral
449d73bf4f,positive
c63415814e,neutral
c818fdf4b8,negative
da76e6c8e1,positive
b9798fcba9,positive
b40a435ea7,neutral
d6606e8167,neutral
d9564b50ef,positive
0d769aca27,negative
23a614d341,negative
c4a00650cd,neutral
5aa8c0daad,neutral
adf5be9ada,negative
343c2dd395,positive
e64a4d5361,neutral
facd1f468e,neutral
11a3a0fb9d,positive
61fde0e7e6,neutral
769c8775bf,neutral
24747934b4,neutral
d79f6eda9d,neutral
e8bbfed756,neutral
413eef8c27,neutral
90fddcbca5,negative
33745d82ff,neutral
59b63d3b0f,neutral
032fc2b3a2,neutral
739f17cfe1,positive
4db44fd32a,neutral
06ed7a838d,positive
fb7e52a340,neutral
7574ef7536,negative
e2d8e05859,neutral
6ff99dcdc1,positive
6e0abe59f9,positive
ec1dd094c2,neutral
6471ce79df,neutral
7ae4f41a31,positive
44da94a9b7,neutral
a3dc4cf37a,positive
b2309cd1ce,negative
34e4bf2b94,positive
6fe5a83801,negative
f87b8847a9,neutral
948fd09708,negative
8244eb7ae9,neutral
f446d26bfc,neutral
da3dd37b70,neutral
a7a5cb1584,negative
16fd300910,neutral
6a818203a8,negative
3102d159d1,positive
0eb06a4076,neutral
4454e4d53a,neutral
2b18f3c81f,neutral
e8e5d28fb4,positive
c3feee17fd,positive
eadd269ce5,neutral
fd5ee5b52e,positive
b454c1364b,negative
77e57c378f,negative
e24b1487e4,neutral
41bb347c8c,neutral
d7f63d1bb6,neutral
13ff4f0f99,neutral
34533b5903,neutral
63c7425486,neutral
44c1c813a1,negative
8e34972820,neutral
bb8443d7e2,positive
cadb7e8823,negative
65019c18cb,neutral
126e2e83d6,neutral
42d4d17693,negative
8837fac289,neutral
1fb1670192,neutral
669c709c0b,negative
c7e52408c8,negative
f6f96dd249,negative
f8456f260f,neutral
51ddb4abcf,positive
15a017a8e4,neutral
089f2af7b9,neutral
28bd0fcd11,positive
f79609f1b3,positive
8e7d2d0ea4,negative
b847eb1075,positive
f923746a3f,negative
80279a9e74,neutral
5d3d18f13b,neutral
6debbd53ee,positive
f2906f0420,positive
a7f12fa546,positive
a72c5d15b7,negative
bd4c861cc2,neutral
5ec14d968a,neutral
ca2896a372,positive
416e6352b9,negative
2987cae592,neutral
692cd6a34b,neutral
7067e6046d,positive
c4210150ee,neutral
bd095b4751,negative
3dd127f4af,positive
8bdaf388f3,negative
9ddcd3f037,neutral
0457eb75c2,neutral
598d35cd58,negative
472fc56661,negative
d46052706c,negative
6a784b0c72,negative
16466d0ff2,positive
68a6cf591a,positive
04c455e820,neutral
eae7117612,positive
548e2f1e34,neutral
32a34847dc,neutral
4ed24c845a,negative
fc73012712,neutral
fa8998df98,neutral
e540ebed83,neutral
e2591a4f5a,positive
ba443581ae,positive
1e7bb0e6dc,positive
3629287285,neutral
f4eae403c0,positive
8d86885941,neutral
2f6e1bc40b,positive
62bb51eb64,positive
3f8fc09752,negative
e62ebf8ec0,neutral
9662de1204,negative
44bf854f69,positive
0b583242d0,neutral
b8846d0a50,neutral
898b9a9338,positive
cb5041f872,positive
144e6fb3ad,neutral
43288822ee,negative
9a6c971e84,positive
a9edef474b,negative
09a2245f93,negative
3a42bc3485,positive
3c343d4e1e,neutral
b7259fcba2,neutral
d2443706bf,neutral
842e9e031b,negative
8dc2975248,negative
a838619ca9,positive
7ae1499198,negative
6c5002df01,neutral
2c0f4ee9e2,neutral
c8cfe01c4f,negative
e6f7199479,positive
b9b983a83c,positive
08ad89c6b0,neutral
edde6bb21e,positive
fb1c0ecec0,neutral
e01f6a7ec2,neutral
6068de7168,neutral
5adce8e8fc,negative
ed3f95dd2a,positive
c7e96d2411,positive
5e6cdd7c91,negative
2ee99fc907,positive
52c2bbf770,neutral
311f189ee4,positive
fa3d1d0975,positive
7005fce01c,negative
0a4594beed,neutral
667e216a44,positive
cddefa4364,neutral
5612d59230,negative
0690c4b873,neutral
f589c8b60d,negative
79331f42cf,neutral
1038091281,neutral
653f3adcde,positive
5a17107aba,neutral
8dd4c2b501,negative
bf4c610e53,positive
b1a2c1b94c,neutral
a624cc6757,negative
7c5b5c6f96,positive
397ef3478d,neutral
917e217975,positive
a657e300d0,negative
1872e32e07,negative
c5698ba3eb,neutral
6cd9991cca,neutral
2bb759d569,negative
926f9f5895,neutral
b4ea682d4b,neutral
c2fe8bbad7,neutral
0d7f89029b,neutral
a0e7618e7a,positive
12d70a758e,neutral
d86941ec1c,neutral
9de7ee1962,neutral
4cb6f71974,neutral
10db37e108,positive
881affa1a2,neutral
82582f6d17,positive
10b9feacd2,negative
9f89432794,negative
684b2dcea7,positive
2f8444db6c,negative
8e8ff8dc66,positive
27bf96d1b5,neutral
21af13b50e,positive
daaff3f5f6,negative
836dd77850,neutral
0197e3ebbc,neutral
796110430b,negative
3f09c16e52,positive
8f892ed3b2,neutral
a8e2c45625,neutral
6030362588,positive
323e67716f,negative
cda2c56cef,positive
7cb093f4c3,positive
a9b6058320,positive
197bec62c7,negative
5db58f4182,positive
bbf1006316,neutral
3eedba9550,positive
b9b532f7a2,neutral
3a23f53b85,positive
736f85408d,negative
2bffd86b55,negative
b4d1c8c080,neutral
c5ee1ee772,positive
138fa4e0f4,neutral
4bcb9c582c,neutral
756300c03d,positive
e3ba5e82d3,positive
700c41e7c0,neutral
f19f0c1482,negative
f637b48a5c,negative
6fa5a04599,neutral
d54d4de7e5,neutral
71f389a974,neutral
7b05d819ee,negative
1e32ad1b17,positive
e89cbe91e0,neutral
b22895c538,neutral
8353cc778e,positive
10e991f020,neutral
128a73fbfd,neutral
a3c5d75bbb,negative
2b8fcaed04,positive
37daa255ea,neutral
9508aeca0c,neutral
5d47d76ed3,positive
a0840086ab,neutral
9f23e5d8f5,negative
c7a59f50c3,positive
7ff53f335c,neutral
e96c25a560,negative
56c08b2df6,positive
d08af78eef,neutral
fdd3a09897,neutral
aef284756a,neutral
84a2eb963a,positive
df2a0c498a,positive
8230f9ad74,neutral
ea7e409dcc,positive
cf1ea9af3b,negative
b29a9ec749,negative
9d6e14002f,neutral
051025ff7f,neutral
30eecabd12,neutral
fe51ca37d4,neutral
75dcba6339,positive
74676aaaed,neutral
cec0440736,neutral
c4f4b37c8b,negative
65f5ce236f,neutral
66f40f0026,positive
e38fab54b2,positive
d67edb73e6,neutral
0c0d180b5c,positive
e739d7e64e,positive
2e982cc27d,negative
3ed1480471,neutral
3e99500fa4,neutral
00ce730001,neutral
ea57382c80,positive
0972b54c53,positive
3b8b4be00b,neutral
755a345dc8,neutral
88a4e96eef,negative
d881666768,neutral
998b50607e,neutral
a185f0cc24,positive
6cee199f3e,negative
34522a55d8,neutral
dc513a682c,negative
cc75fbff94,neutral
fdd859e2d9,neutral
e0c0860417,positive
f0854a3951,positive
356411fd5a,neutral
c780b84d97,neutral
3e7c1d3c6b,positive
e79ca3a450,positive
5609c1212e,neutral
8c8e32f76f,neutral
dda6145689,neutral
f03669fe8c,negative
7fb2ca19e9,neutral
25ea895560,neutral
2b6ec32c28,neutral
894a3f680a,negative
c258bebc27,neutral
e53f3fb1a4,negative
9cf0c77bc1,neutral
9e07e4f596,negative
bb14e1f4cb,negative
8f65a41e73,neutral
c29116d111,positive
efb43fce11,positive
7053623c26,neutral
72ee8deee3,positive
6ffc960726,neutral
586e68c59d,negative
04b57c4359,negative
e33459f8f1,negative
43c61eb7a3,neutral
a7a96b2c1d,neutral
87cd836d7b,negative
a72f4f357b,neutral
ad5d8a84c1,neutral
18a11e8dbd,positive
2e8bd923d0,negative
ebae3ed394,neutral
10c55c13b8,negative
b26843421f,positive
f3c6e98737,positive
b9ade6591a,neutral
3ae98f1cae,neutral
3477bb4c82,negative
193fe8822f,neutral
b631ec4bfa,neutral
6913d9c30e,neutral
07d608a03d,positive
d0ce0ab587,negative
425c9eb614,negative
43790fc27b,negative
727cbe5970,positive
7d0291358f,neutral
9dec21d822,positive
3d90ad58ee,positive
12b08fabd2,negative
f97b6d38ed,negative
93370a10dc,negative
3ff2b333c3,neutral
ec9c43fbb3,neutral
99fdaff40d,positive
0c524f5e69,neutral
1783b5eb60,negative
932227184c,negative
00f377c634,negative
b99ba239de,positive
1f9663bb46,neutral
23d8ccab77,positive
f59bbec4a3,negative
a37b6c27a2,neutral
1d06a9cc02,neutral
e124c79abd,positive
5a5d7e4d2f,negative
bd3b5dbd9a,positive
12e0187cb9,positive
ea032bbaaf,neutral
e42d0e6e9d,negative
946573f031,neutral
2d5051cce9,neutral
16fb14a0f7,negative
8b5e410207,neutral
eaeee872b9,neutral
e8d8465eab,neutral
1a857a38fb,neutral
25694a4e38,neutral
a4b3b95e89,neutral
2e57d38abb,neutral
d6b053947f,neutral
7db93d25c6,positive
94977637ab,negative
a028e284db,neutral
513358abe6,neutral
d2dbf84fe0,neutral
9d8efb8db9,neutral
88040d7737,positive
db4bb26337,positive
9e2748c5e4,neutral
060acf7042,negative
5ad2c5e27b,negative
6a5af5f4c5,neutral
6fe391edf6,positive
74e36c1c25,positive
2dfbe0b7fb,neutral
fbd7404138,neutral
a26a75179f,neutral
6a72b1eb3c,neutral
981a6f186d,neutral
d794425886,neutral
2280788f99,neutral
16ac3c903c,neutral
007eeb40ff,positive
8f44c2f7bd,neutral
da82d37656,neutral
970d89d516,neutral
13d29e0bab,positive
afe5ce5d7d,neutral
979153b838,positive
b34f37f31d,positive
036b210d6b,neutral
5bfc1c74e0,negative
c1388fc963,neutral
fd1db57dc0,neutral
e7d70b0d76,negative
f3f0fde02e,neutral
bb47fa7074,neutral
8882fae1ac,positive
c7b61da1e2,positive
ab881218a0,positive
e2b73ce8df,positive
665dcd4cf2,neutral
0b4a2b2eb1,negative
0e72caa348,neutral
2c39030bc4,positive
47caebc343,neutral
2dd1bb7561,neutral
109516d45f,positive
2c4545ae23,negative
8ef3dee547,negative
1944d83437,neutral
967e1b9ad9,negative
e4ef55358a,positive
da276b88e8,positive
c6c2478e74,negative
9e29d43b20,neutral
1012d3a39c,negative
e37a7b9128,negative
e206dff6da,neutral
9ffc800a5c,positive
e9e0de67a2,negative
5ebdc7d817,neutral
1d5318a66f,neutral
35182b1866,positive
5caa73746c,neutral
c3384d4c6b,negative
95305a8336,negative
b7df44c04f,neutral
94ba09618a,neutral
dec8c3dac3,positive
1ef4bca3f5,neutral
95b7fa6314,positive
9eb21f1e58,neutral
49e25011f6,positive
0a6580a2ca,positive
49096c54e2,neutral
1746f40680,positive
13fccb0fb5,negative
97dbf6e8e1,positive
b7f1a0cd1a,neutral
689c6b69c9,neutral
a08d95184f,negative
d36296a726,negative
e976f2769d,positive
1297b5f02d,negative
d205b332e6,negative
bb0316a749,negative
addf08efba,positive
0c53b2d4c0,positive
bacb2d1061,negative
864cddfae8,negative
0a92e46208,neutral
85ef239798,neutral
7276d2cde2,neutral
d53ddd0172,negative
064a8c4847,negative
edef02e047,positive
695f322a0a,negative
a35314257a,neutral
2641ac37a6,positive
7a1556637a,neutral
08c5eb64a5,negative
6397544955,positive
afc326749d,negative
79f88c9c67,negative
db828c7bda,positive
08d12b46b2,positive
b9078fdb88,neutral
6434edb2a5,negative
93c709ddbb,positive
261ead9c14,negative
4bd68426ce,positive
6ff929e04b,neutral
d26c5024c9,neutral
ae45bdeb6d,neutral
2d0cd25243,neutral
01fdd344f2,negative
f1e14aaf4e,neutral
cbd87d2326,negative
dac8af239c,neutral
213f65851d,positive
41c5bce464,positive
669a4ee511,positive
d8999ff49b,neutral
eb96d21b64,positive
8e2432e61d,neutral
6d68218d8b,neutral
a00d6e8a18,negative
68238c0940,negative
0f870b905c,neutral
afd1917b36,neutral
6d3c1d8ff7,positive
6face8f81f,neutral
291a81553f,positive
7b2a38faa7,negative
415e492cfb,neutral
374ab5e6cd,negative
18bcba79be,neutral
f529745a98,neutral
ba6d7433fe,neutral
056c205514,positive
ab65e404fd,neutral
0815af3970,neutral
897dab966b,neutral
694a98d42f,positive
1b5a4bc443,positive
92ef69c5ca,neutral
4c2540598c,neutral
201c6c35e2,positive
b3c6a71077,negative
f78d0594ce,neutral
11cab5bac2,positive
37c1594abc,positive
d0c93e2a81,negative
83d9d8ffbe,neutral
a9b155d544,neutral
37681f23e9,neutral
1305139c4a,negative
3cdfcc7a2c,neutral
09554aef59,positive
c25f1544bd,negative
32cde6dbc5,negative
4e1101e520,negative
ed58e3db1d,neutral
daba837f14,neutral
9664d60456,positive
a29a6f5c41,positive
a4d9ee1aac,positive
5729a6ebb9,neutral
b93d5198af,negative
771545d181,positive
65cbb266bf,negative
b93f47d6b0,neutral
ce7efcdd0d,positive
d18a58850f,neutral
f48211d914,negative
38c94c08b8,neutral
bb16d5ae08,negative
817b6da55c,negative
6bb7fa91b2,positive
a9b501f7cd,neutral
540fd43bae,positive
9e734c1ed3,neutral
0145dc9e7c,positive
bbcf6de580,positive
342c394b9e,negative
fa625455c7,negative
14c9c24f55,positive
475e19cb22,positive
e035bf28b6,neutral
a2a8a42a36,positive
42e4df338b,positive
c0a39bf520,neutral
645e740cb0,negative
2bca22c7f3,positive
c0603f62dd,positive
f0c1aa8e72,negative
a24748151f,negative
4626b8b37a,negative
caa591cb69,neutral
46632450a3,neutral
7505a3b214,positive
8d69c4d8e4,negative
91c6546f6b,negative
d29e6d773c,neutral
e0589e3ebd,positive
a4f6100563,negative
d3d8561006,neutral
c005d6cfde,positive
bb3ef3c925,positive
b5eb308679,neutral
936cc72c9d,negative
1af280ac83,neutral
8034e259de,neutral
d45f55fad0,negative
a7a4f1809e,neutral
6564a03aa0,neutral
f6df0fdbff,positive
b8547d3835,positive
ed036f1d74,negative
a237d86171,negative
82dd0bcffe,positive
89de64f532,neutral
e0f51840d2,positive
20f387fede,positive
5d85831fa3,neutral
9ef3a57e41,negative
2a20862961,neutral
218412b76a,neutral
1d865c0717,negative
7b474b659d,neutral
73afc6a90d,neutral
00e1d9ed60,neutral
7a059ccc2f,neutral
e4c90cafae,neutral
675d0f99ee,positive
82369ff2a2,negative
46f859bacf,neutral
d3b70656cd,neutral
d6788e5a4f,neutral
bef904fa13,neutral
5f72b7df41,positive
43661e198b,positive
2cc6d6b3e6,neutral
4ca97418b7,negative
be2fadb2bc,negative
1c0b70106f,negative
4d9a27e25a,neutral
834651667b,neutral
688784c5a9,positive
7d32d4866a,neutral
0cbab4e443,neutral
d57bd01b7e,negative
a5912f5b7b,negative
b0f7ac544d,negative
73fd2537e6,positive
20f35978fb,negative
9a8cde88ea,positive
9f48b1d3fa,neutral
79bd7de23f,positive
6b3c3e22d5,neutral
b411bd3afb,negative
469196b094,neutral
7b65a847b6,positive
cc28178ef0,neutral
4200e8b73c,neutral
77a7b3282b,positive
76b40b8c3d,negative
1b6fe730fd,neutral
2a04e6e839,neutral
f944be482a,positive
d461b50edb,neutral
d8ab713a6a,positive
e838d1f366,neutral
885b8f47f7,neutral
ac3b9688c6,positive
0f93a7a6ff,positive
9a38abcf54,positive
863e09ee74,negative
9501aabea3,negative
40ada63a36,neutral
c956722677,neutral
1c6ce0a7e3,neutral
5648799bc4,negative
59fd038492,neutral
0ef8ddf4a1,positive
50ba66785b,neutral
827fa68ce4,neutral
a60b818d1d,positive
316a1d0f4c,negative
1dc7f3d536,neutral
c08d28468b,positive
043c3b53f8,neutral
5fc6e71643,neutral
27829d97bd,neutral
603a6f30be,negative
f13fd6b067,neutral
6bda8dca4d,negative
b70db9bf31,negative
c9980ac0cd,positive
8798f0a924,negative
edef93288d,neutral
9f345b18c5,neutral
5f857f8279,neutral
391211cd64,neutral
b01c4cd28a,neutral
3a92bdf00a,positive
d24ea15375,neutral
c3c168bc80,negative
189ea0d26f,positive
fa117106ef,negative
f66bda14c6,positive
cf3dafabb3,neutral
242910ff98,positive
60e5c2c335,neutral
72b5155719,neutral
bbfe533366,neutral
4cb0ab19ed,positive
58e2a00ab8,positive
0a0e2a4f78,neutral
975554343f,negative
c7be378db2,negative
87737f8e62,negative
558fe1316b,neutral
a6687519e2,neutral
91f8e27d4c,positive
9a10e4813f,neutral
2b31cedc6d,positive
db783cf66a,neutral
036cd6abb0,negative
e965e50c60,negative
b1c36b70a4,negative
4d2de9d1af,positive
0c2e7ab834,positive
0bb5b4d19c,neutral
e5f0e6ef4b,negative
416863ce47,neutral
6332da480c,negative
df1baec676,positive
469e15c5a8,neutral
